text,Overall Sentiment
I loved the movie! The storyline was captivating and the acting was superb.,positive
The product arrived damaged. I am extremely disappointed.,negative
This restaurant has amazing food. I highly recommend it.,positive
The customer service was terrible. I would not shop here again.,negative
The hotel room was clean and comfortable. I had a pleasant stay.,positive
The book was just average. Nothing special.,negative
The concert was incredible. The band played all their hit songs.,positive
The package was delivered on time. I am satisfied with the service.,positive
The food tasted awful. I couldn't even finish my meal.,negative
The staff at the store was rude and unhelpful. I won't be coming back.,negative
The hotel had a beautiful view of the ocean. It was breathtaking.,positive
The movie was a disappointment. The plot was confusing and the acting was subpar.,negative
The pizza was delicious. It had the perfect combination of toppings.,positive
The customer support was outstanding. They quickly resolved my issue.,negative
The product broke after a week of use. I'm very disappointed.,negative
The performance was mediocre. It didn't meet my expectations.,negative
The hotel had noisy neighbors. I couldn't get a good night's sleep.,negative
The book was a masterpiece. The writing was captivating.,positive
The service at the restaurant was slow. It took forever to get our food.,negative
The laptop was fast and reliable. It exceeded my expectations.,positive
"The movie had a great storyline, but the ending was disappointing.",negative
The coffee at the cafe was bitter. I couldn't enjoy it.,negative
The staff was friendly and helpful. They provided excellent service.,positive
The product didn't work as described. It was a waste of money.,negative
The concert was amazing. The band put on an unforgettable show.,positive
The customer service was unresponsive. They never addressed my issue.,negative
The food at the restaurant was average. It didn't impress me.,negative
The performance was outstanding. It left me speechless.,positive
The product was of poor quality. It started falling apart after a few days.,negative
The movie was entertaining. It had a good balance of action and humor.,positive
The service at the store was exceptional. The staff went above and beyond.,positive
The food at the cafe was delicious. I would definitely go back.,positive
The product didn't meet my expectations. I'm dissatisfied with my purchase.,negative
The concert was boring. I regretted buying the tickets.,negative
The book was thought-provoking. It made me reflect on life.,positive
The customer support was helpful. They resolved my issue promptly.,negative
The hotel had a great location. It was convenient for sightseeing.,positive
The movie was a bit predictable. It didn't offer any surprises.,unknown
The food at the restaurant was terrible. I wouldn't recommend it.,negative
The performance was lackluster. It failed to engage the audience.,negative
The product worked perfectly. It met all my requirements.,positive
The customer service was excellent. They were polite and efficient.,positive
The hotel had uncomfortable beds. I couldn't sleep well.,negative
The book was a page-turner. I couldn't put it down.,positive
The coffee at the cafe was amazing. It was the best I've ever had.,positive
The product didn't arrive on time. I'm frustrated with the delay.,negative
The concert was average. It didn't leave a lasting impression.,negative
The food at the restaurant was outstanding. I would highly recommend it.,positive
The performance was captivating. It held my attention throughout.,positive
The product was overpriced for its quality. I expected better.,negative
The movie was a classic. It will always be one of my favorites.,positive
The customer support was unhelpful. They couldn't resolve my issue.,negative
I loved the movie! The storyline was captivating and the acting was superb.,positive
The product arrived damaged. I am extremely disappointed.,negative
This restaurant has amazing food. I highly recommend it.,positive
The customer service was terrible. I would not shop here again.,negative
The hotel room was clean and comfortable. I had a pleasant stay.,positive
The book was just average. Nothing special.,negative
The concert was incredible. The band played all their hit songs.,positive
The package was delivered on time. I am satisfied with the service.,positive
The food tasted awful. I couldn't even finish my meal.,negative
The staff at the store was rude and unhelpful. I won't be coming back.,negative
The hotel had a beautiful view of the ocean. It was breathtaking.,positive
The movie was a disappointment. The plot was confusing and the acting was subpar.,negative
The pizza was delicious. It had the perfect combination of toppings.,positive
The customer support was outstanding. They quickly resolved my issue.,negative
The product broke after a week of use. I'm very disappointed.,negative
The performance was mediocre. It didn't meet my expectations.,negative
The hotel had noisy neighbors. I couldn't get a good night's sleep.,negative
The book was a masterpiece. The writing was captivating.,positive
The service at the restaurant was slow. It took forever to get our food.,negative
The laptop was fast and reliable. It exceeded my expectations.,positive
"The movie had a great storyline, but the ending was disappointing.",negative
The coffee at the cafe was bitter. I couldn't enjoy it.,negative
The staff was friendly and helpful. They provided excellent service.,positive
The product didn't work as described. It was a waste of money.,negative
The concert was amazing. The band put on an unforgettable show.,positive
The customer service was unresponsive. They never addressed my issue.,negative
The food at the restaurant was average. It didn't impress me.,negative
The performance was outstanding. It left me speechless.,positive
The product was of poor quality. It started falling apart after a few days.,negative
The movie was entertaining. It had a good balance of action and humor.,positive
The service at the store was exceptional. The staff went above and beyond.,positive
The food at the cafe was delicious. I would definitely go back.,positive
The product didn't meet my expectations. I'm dissatisfied with my purchase.,negative
The concert was boring. I regretted buying the tickets.,negative
The book was thought-provoking. It made me reflect on life.,positive
The customer support was helpful. They resolved my issue promptly.,negative
The hotel had a great location. It was convenient for sightseeing.,positive
The movie was a bit predictable. It didn't offer any surprises.,unknown
The food at the restaurant was terrible. I wouldn't recommend it.,negative
The performance was lackluster. It failed to engage the audience.,negative
The product worked perfectly. It met all my requirements.,positive
The customer service was excellent. They were polite and efficient.,positive
The hotel had uncomfortable beds. I couldn't sleep well.,negative
The book was a page-turner. I couldn't put it down.,positive
The coffee at the cafe was amazing. It was the best I've ever had.,positive
The product didn't arrive on time. I'm frustrated with the delay.,negative
The concert was average. It didn't leave a lasting impression.,negative
The food at the restaurant was outstanding. I would highly recommend it.,positive
The performance was captivating. It held my attention throughout.,positive
The product was overpriced for its quality. I expected better.,negative
The movie was a classic. It will always be one of my favorites.,positive
The customer support was unhelpful. They couldn't resolve my issue.,negative
I loved the movie! The storyline was captivating and the acting was superb.,positive
The product arrived damaged. I am extremely disappointed.,negative
This restaurant has amazing food. I highly recommend it.,positive
The customer service was terrible. I would not shop here again.,negative
The hotel room was clean and comfortable. I had a pleasant stay.,positive
The book was just average. Nothing special.,negative
The concert was incredible. The band played all their hit songs.,positive
The package was delivered on time. I am satisfied with the service.,positive
The food tasted awful. I couldn't even finish my meal.,negative
The staff at the store was rude and unhelpful. I won't be coming back.,negative
The hotel had a beautiful view of the ocean. It was breathtaking.,positive
The movie was a disappointment. The plot was confusing and the acting was subpar.,negative
The pizza was delicious. It had the perfect combination of toppings.,positive
The customer support was outstanding. They quickly resolved my issue.,negative
The product broke after a week of use. I'm very disappointed.,negative
The performance was mediocre. It didn't meet my expectations.,negative
The hotel had noisy neighbors. I couldn't get a good night's sleep.,negative
The book was a masterpiece. The writing was captivating.,positive
The service at the restaurant was slow. It took forever to get our food.,negative
The laptop was fast and reliable. It exceeded my expectations.,positive
"The movie had a great storyline, but the ending was disappointing.",negative
The coffee at the cafe was bitter. I couldn't enjoy it.,negative
The staff was friendly and helpful. They provided excellent service.,positive
The product didn't work as described. It was a waste of money.,negative
The concert was amazing. The band put on an unforgettable show.,positive
The customer service was unresponsive. They never addressed my issue.,negative
The food at the restaurant was average. It didn't impress me.,negative
The performance was outstanding. It left me speechless.,positive
The product was of poor quality. It started falling apart after a few days.,negative
The movie was entertaining. It had a good balance of action and humor.,positive
The service at the store was exceptional. The staff went above and beyond.,positive
The food at the cafe was delicious. I would definitely go back.,positive
The product didn't meet my expectations. I'm dissatisfied with my purchase.,negative
The concert was boring. I regretted buying the tickets.,negative
The book was thought-provoking. It made me reflect on life.,positive
The customer support was helpful. They resolved my issue promptly.,negative
The hotel had a great location. It was convenient for sightseeing.,positive
The movie was a bit predictable. It didn't offer any surprises.,unknown
The food at the restaurant was terrible. I wouldn't recommend it.,negative
The performance was lackluster. It failed to engage the audience.,negative
The product worked perfectly. It met all my requirements.,positive
The customer service was excellent. They were polite and efficient.,positive
The hotel had uncomfortable beds. I couldn't sleep well.,negative
The book was a page-turner. I couldn't put it down.,positive
The coffee at the cafe was amazing. It was the best I've ever had.,positive
The product didn't arrive on time. I'm frustrated with the delay.,negative
The concert was average. It didn't leave a lasting impression.,negative
The food at the restaurant was outstanding. I would highly recommend it.,positive
The performance was captivating. It held my attention throughout.,positive
The product was overpriced for its quality. I expected better.,negative
The movie was a classic. It will always be one of my favorites.,positive
The customer support was unhelpful. They couldn't resolve my issue.,negative
I loved the movie! The storyline was captivating and the acting was superb.,positive
The product arrived damaged. I am extremely disappointed.,negative
This restaurant has amazing food. I highly recommend it.,positive
The customer service was terrible. I would not shop here again.,negative
The hotel room was clean and comfortable. I had a pleasant stay.,positive
The book was just average. Nothing special.,negative
The concert was incredible. The band played all their hit songs.,positive
The package was delivered on time. I am satisfied with the service.,positive
The food tasted awful. I couldn't even finish my meal.,negative
The staff at the store was rude and unhelpful. I won't be coming back.,negative
The hotel had a beautiful view of the ocean. It was breathtaking.,positive
The movie was a disappointment. The plot was confusing and the acting was subpar.,negative
The pizza was delicious. It had the perfect combination of toppings.,positive
The customer support was outstanding. They quickly resolved my issue.,negative
The product broke after a week of use. I'm very disappointed.,negative
The performance was mediocre. It didn't meet my expectations.,negative
The hotel had noisy neighbors. I couldn't get a good night's sleep.,negative
The book was a masterpiece. The writing was captivating.,positive
The service at the restaurant was slow. It took forever to get our food.,negative
The laptop was fast and reliable. It exceeded my expectations.,positive
"The movie had a great storyline, but the ending was disappointing.",negative
The coffee at the cafe was bitter. I couldn't enjoy it.,negative
The staff was friendly and helpful. They provided excellent service.,positive
The product didn't work as described. It was a waste of money.,negative
The concert was amazing. The band put on an unforgettable show.,positive
The customer service was unresponsive. They never addressed my issue.,negative
The food at the restaurant was average. It didn't impress me.,negative
The performance was outstanding. It left me speechless.,positive
The product was of poor quality. It started falling apart after a few days.,negative
The movie was entertaining. It had a good balance of action and humor.,positive
The service at the store was exceptional. The staff went above and beyond.,positive
The food at the cafe was delicious. I would definitely go back.,positive
The product didn't meet my expectations. I'm dissatisfied with my purchase.,negative
The concert was boring. I regretted buying the tickets.,negative
The book was thought-provoking. It made me reflect on life.,positive
The customer support was helpful. They resolved my issue promptly.,negative
The hotel had a great location. It was convenient for sightseeing.,positive
The movie was a bit predictable. It didn't offer any surprises.,unknown
The food at the restaurant was terrible. I wouldn't recommend it.,negative
The performance was lackluster. It failed to engage the audience.,negative
The product worked perfectly. It met all my requirements.,positive
The customer service was excellent. They were polite and efficient.,positive
The hotel had uncomfortable beds. I couldn't sleep well.,negative
The book was a page-turner. I couldn't put it down.,positive
The coffee at the cafe was amazing. It was the best I've ever had.,positive
The product didn't arrive on time. I'm frustrated with the delay.,negative
The concert was average. It didn't leave a lasting impression.,negative
The food at the restaurant was outstanding. I would highly recommend it.,positive
The performance was captivating. It held my attention throughout.,positive
The product was overpriced for its quality. I expected better.,negative
The movie was a classic. It will always be one of my favorites.,positive
The customer support was unhelpful. They couldn't resolve my issue.,negative
I loved the movie! The storyline was captivating and the acting was superb.,positive
The product arrived damaged. I am extremely disappointed.,negative
This restaurant has amazing food. I highly recommend it.,positive
The customer service was terrible. I would not shop here again.,negative
The hotel room was clean and comfortable. I had a pleasant stay.,positive
The book was just average. Nothing special.,negative
The concert was incredible. The band played all their hit songs.,positive
The package was delivered on time. I am satisfied with the service.,positive
The food tasted awful. I couldn't even finish my meal.,negative
The staff at the store was rude and unhelpful. I won't be coming back.,negative
The hotel had a beautiful view of the ocean. It was breathtaking.,positive
The movie was a disappointment. The plot was confusing and the acting was subpar.,negative
The pizza was delicious. It had the perfect combination of toppings.,positive
The customer support was outstanding. They quickly resolved my issue.,negative
The product broke after a week of use. I'm very disappointed.,negative
The performance was mediocre. It didn't meet my expectations.,negative
The hotel had noisy neighbors. I couldn't get a good night's sleep.,negative
The book was a masterpiece. The writing was captivating.,positive
The service at the restaurant was slow. It took forever to get our food.,negative
The laptop was fast and reliable. It exceeded my expectations.,positive
"The movie had a great storyline, but the ending was disappointing.",negative
The coffee at the cafe was bitter. I couldn't enjoy it.,negative
The staff was friendly and helpful. They provided excellent service.,positive
The product didn't work as described. It was a waste of money.,negative
The concert was amazing. The band put on an unforgettable show.,positive
The customer service was unresponsive. They never addressed my issue.,negative
The food at the restaurant was average. It didn't impress me.,negative
The performance was outstanding. It left me speechless.,positive
The product was of poor quality. It started falling apart after a few days.,negative
The movie was entertaining. It had a good balance of action and humor.,positive
The service at the store was exceptional. The staff went above and beyond.,positive
The food at the cafe was delicious. I would definitely go back.,positive
The product didn't meet my expectations. I'm dissatisfied with my purchase.,negative
The concert was boring. I regretted buying the tickets.,negative
The book was thought-provoking. It made me reflect on life.,positive
The customer support was helpful. They resolved my issue promptly.,negative
The hotel had a great location. It was convenient for sightseeing.,positive
The movie was a bit predictable. It didn't offer any surprises.,unknown
The food at the restaurant was terrible. I wouldn't recommend it.,negative
The performance was lackluster. It failed to engage the audience.,negative
The product worked perfectly. It met all my requirements.,positive
The customer service was excellent. They were polite and efficient.,positive
The hotel had uncomfortable beds. I couldn't sleep well.,negative
The book was a page-turner. I couldn't put it down.,positive
The coffee at the cafe was amazing. It was the best I've ever had.,positive
The product didn't arrive on time. I'm frustrated with the delay.,negative
The concert was average. It didn't leave a lasting impression.,negative
The food at the restaurant was outstanding. I would highly recommend it.,positive
The performance was captivating. It held my attention throughout.,positive
The product was overpriced for its quality. I expected better.,negative
The movie was a classic. It will always be one of my favorites.,positive
The customer support was unhelpful. They couldn't resolve my issue.,negative
